State,Age,Gender,Price
AL,18,F,190.57
AL,19,F,196.94
AL,20,F,203.31
AL,21,F,209.68
AL,22,F,216.05
AL,23,F,222.42
AL,24,F,228.79
AL,25,F,235.16
AL,26,F,237.03
AL,27,F,238.91
AL,28,F,240.78
AL,29,F,242.65
AL,30,F,244.52
AL,31,F,246.40
AL,32,F,248.27
AL,33,F,250.14
AL,34,F,252.02
AL,35,F,253.89
AL,36,F,259.58
AL,37,F,265.27
AL,38,F,270.96
AL,39,F,276.65
AL,40,F,282.34
AL,41,F,288.02
AL,42,F,293.71
AL,43,F,299.40
AL,44,F,305.09
AL,45,F,310.78
AL,46,F,322.39
AL,47,F,334.00
AL,48,F,345.62
AL,49,F,357.23
AL,50,F,368.84
AL,51,F,380.45
AL,52,F,392.06
AL,53,F,403.68
AL,54,F,415.29
AL,55,F,426.90
AL,56,F,438.28
AL,57,F,449.65
AL,58,F,461.03
AL,59,F,472.41
AL,60,F,483.78
AL,61,F,495.16
AL,62,F,506.54
AL,63,F,517.91
AL,64,F,529.29
AL,18,M,158.82
AL,19,M,158.82
AL,20,M,158.82
AL,21,M,158.82
AL,22,M,158.82
AL,23,M,158.82
AL,24,M,158.82
AL,25,M,158.82
AL,26,M,162.76
AL,27,M,166.70
AL,28,M,170.65
AL,29,M,174.59
AL,30,M,178.53
AL,31,M,182.47
AL,32,M,186.41
AL,33,M,190.36
AL,34,M,194.30
AL,35,M,198.24
AL,36,M,209.71
AL,37,M,221.17
AL,38,M,232.64
AL,39,M,244.11
AL,40,M,255.58
AL,41,M,267.04
AL,42,M,278.51
AL,43,M,289.98
AL,44,M,301.44
AL,45,M,312.91
AL,46,M,334.28
AL,47,M,355.65
AL,48,M,377.02
AL,49,M,398.39
AL,50,M,419.76
AL,51,M,441.12
AL,52,M,462.49
AL,53,M,483.86
AL,54,M,505.23
AL,55,M,526.60
AL,56,M,545.55
AL,57,M,564.50
AL,58,M,583.45
AL,59,M,602.40
AL,60,M,621.34
AL,61,M,640.29
AL,62,M,659.24
AL,63,M,678.19
AL,64,M,697.14
AR,18,F,190.57
AR,19,F,196.94
AR,20,F,203.31
AR,21,F,209.68
AR,22,F,216.05
AR,23,F,222.42
AR,24,F,228.79
AR,25,F,235.16
AR,26,F,237.03
AR,27,F,238.91
AR,28,F,240.78
AR,29,F,242.65
AR,30,F,244.52
AR,31,F,246.40
AR,32,F,248.27
AR,33,F,250.14
AR,34,F,252.02
AR,35,F,253.89
AR,36,F,259.58
AR,37,F,265.27
AR,38,F,270.96
AR,39,F,276.65
AR,40,F,282.34
AR,41,F,288.02
AR,42,F,293.71
AR,43,F,299.40
AR,44,F,305.09
AR,45,F,310.78
AR,46,F,322.39
AR,47,F,334.00
AR,48,F,345.62
AR,49,F,357.23
AR,50,F,368.84
AR,51,F,380.45
AR,52,F,392.06
AR,53,F,403.68
AR,54,F,415.29
AR,55,F,426.90
AR,56,F,438.28
AR,57,F,449.65
AR,58,F,461.03
AR,59,F,472.41
AR,60,F,483.78
AR,61,F,495.16
AR,62,F,506.54
AR,63,F,517.91
AR,64,F,529.29
AR,18,M,158.82
AR,19,M,158.82
AR,20,M,158.82
AR,21,M,158.82
AR,22,M,158.82
AR,23,M,158.82
AR,24,M,158.82
AR,25,M,158.82
AR,26,M,162.76
AR,27,M,166.70
AR,28,M,170.65
AR,29,M,174.59
AR,30,M,178.53
AR,31,M,182.47
AR,32,M,186.41
AR,33,M,190.36
AR,34,M,194.30
AR,35,M,198.24
AR,36,M,209.71
AR,37,M,221.17
AR,38,M,232.64
AR,39,M,244.11
AR,40,M,255.58
AR,41,M,267.04
AR,42,M,278.51
AR,43,M,289.98
AR,44,M,301.44
AR,45,M,312.91
AR,46,M,334.28
AR,47,M,355.65
AR,48,M,377.02
AR,49,M,398.39
AR,50,M,419.76
AR,51,M,441.12
AR,52,M,462.49
AR,53,M,483.86
AR,54,M,505.23
AR,55,M,526.60
AR,56,M,545.55
AR,57,M,564.50
AR,58,M,583.45
AR,59,M,602.40
AR,60,M,621.34
AR,61,M,640.29
AR,62,M,659.24
AR,63,M,678.19
AR,64,M,697.14
FL,18,F,198.83
FL,19,F,205.58
FL,20,F,212.33
FL,21,F,219.08
FL,22,F,225.84
FL,23,F,232.59
FL,24,F,239.34
FL,25,F,246.09
FL,26,F,248.08
FL,27,F,250.06
FL,28,F,252.05
FL,29,F,254.03
FL,30,F,256.02
FL,31,F,258.00
FL,32,F,259.99
FL,33,F,261.97
FL,34,F,263.96
FL,35,F,265.94
FL,36,F,271.97
FL,37,F,278.00
FL,38,F,284.03
FL,39,F,290.06
FL,40,F,296.10
FL,41,F,302.13
FL,42,F,308.16
FL,43,F,314.19
FL,44,F,320.22
FL,45,F,326.25
FL,46,F,337.47
FL,47,F,348.69
FL,48,F,359.91
FL,49,F,371.13
FL,50,F,382.35
FL,51,F,393.56
FL,52,F,404.78
FL,53,F,416.00
FL,54,F,427.22
FL,55,F,438.44
FL,56,F,451.51
FL,57,F,464.58
FL,58,F,477.65
FL,59,F,490.72
FL,60,F,503.79
FL,61,F,516.86
FL,62,F,529.93
FL,63,F,543.00
FL,64,F,556.07
FL,18,M,165.17
FL,19,M,165.17
FL,20,M,165.17
FL,21,M,165.17
FL,22,M,165.17
FL,23,M,165.17
FL,24,M,165.17
FL,25,M,165.17
FL,26,M,169.35
FL,27,M,173.53
FL,28,M,177.70
FL,29,M,181.88
FL,30,M,186.06
FL,31,M,190.24
FL,32,M,194.42
FL,33,M,198.59
FL,34,M,202.77
FL,35,M,206.95
FL,36,M,219.11
FL,37,M,231.26
FL,38,M,243.42
FL,39,M,255.57
FL,40,M,267.73
FL,41,M,279.89
FL,42,M,292.04
FL,43,M,304.20
FL,44,M,316.35
FL,45,M,328.51
FL,46,M,350.04
FL,47,M,371.57
FL,48,M,393.10
FL,49,M,414.63
FL,50,M,436.17
FL,51,M,457.70
FL,52,M,479.23
FL,53,M,500.76
FL,54,M,522.29
FL,55,M,543.82
FL,56,M,562.59
FL,57,M,581.37
FL,58,M,600.14
FL,59,M,618.92
FL,60,M,637.69
FL,61,M,656.47
FL,62,M,675.24
FL,63,M,694.02
FL,64,M,712.79
GA,18,F,190.57
GA,19,F,196.94
GA,20,F,203.31
GA,21,F,209.68
GA,22,F,216.05
GA,23,F,222.42
GA,24,F,228.79
GA,25,F,235.16
GA,26,F,237.03
GA,27,F,238.91
GA,28,F,240.78
GA,29,F,242.65
GA,30,F,244.52
GA,31,F,246.40
GA,32,F,248.27
GA,33,F,250.14
GA,34,F,252.02
GA,35,F,253.89
GA,36,F,259.58
GA,37,F,265.27
GA,38,F,270.96
GA,39,F,276.65
GA,40,F,282.34
GA,41,F,288.02
GA,42,F,293.71
GA,43,F,299.40
GA,44,F,305.09
GA,45,F,310.78
GA,46,F,322.39
GA,47,F,334.00
GA,48,F,345.62
GA,49,F,357.23
GA,50,F,368.84
GA,51,F,380.45
GA,52,F,392.06
GA,53,F,403.68
GA,54,F,415.29
GA,55,F,426.90
GA,56,F,438.28
GA,57,F,449.65
GA,58,F,461.03
GA,59,F,472.41
GA,60,F,483.78
GA,61,F,495.16
GA,62,F,506.54
GA,63,F,517.91
GA,64,F,529.29
GA,18,M,158.82
GA,19,M,158.82
GA,20,M,158.82
GA,21,M,158.82
GA,22,M,158.82
GA,23,M,158.82
GA,24,M,158.82
GA,25,M,158.82
GA,26,M,162.76
GA,27,M,166.70
GA,28,M,170.65
GA,29,M,174.59
GA,30,M,178.53
GA,31,M,182.47
GA,32,M,186.41
GA,33,M,190.36
GA,34,M,194.30
GA,35,M,198.24
GA,36,M,209.71
GA,37,M,221.17
GA,38,M,232.64
GA,39,M,244.11
GA,40,M,255.58
GA,41,M,267.04
GA,42,M,278.51
GA,43,M,289.98
GA,44,M,301.44
GA,45,M,312.91
GA,46,M,334.28
GA,47,M,355.65
GA,48,M,377.02
GA,49,M,398.39
GA,50,M,419.76
GA,51,M,441.12
GA,52,M,462.49
GA,53,M,483.86
GA,54,M,505.23
GA,55,M,526.60
GA,56,M,545.55
GA,57,M,564.50
GA,58,M,583.45
GA,59,M,602.40
GA,60,M,621.34
GA,61,M,640.29
GA,62,M,659.24
GA,63,M,678.19
GA,64,M,697.14
IA,18,F,187.42
IA,19,F,193.61
IA,20,F,199.81
IA,21,F,206.00
IA,22,F,212.20
IA,23,F,218.39
IA,24,F,224.59
IA,25,F,230.78
IA,26,F,232.60
IA,27,F,234.42
IA,28,F,236.25
IA,29,F,238.07
IA,30,F,239.89
IA,31,F,241.71
IA,32,F,243.53
IA,33,F,245.36
IA,34,F,247.18
IA,35,F,249.00
IA,36,F,254.53
IA,37,F,260.07
IA,38,F,265.60
IA,39,F,271.14
IA,40,F,276.67
IA,41,F,282.20
IA,42,F,287.74
IA,43,F,293.27
IA,44,F,298.81
IA,45,F,304.34
IA,46,F,315.68
IA,47,F,327.01
IA,48,F,338.35
IA,49,F,349.68
IA,50,F,361.02
IA,51,F,372.36
IA,52,F,383.69
IA,53,F,395.03
IA,54,F,406.36
IA,55,F,417.70
IA,56,F,428.81
IA,57,F,439.92
IA,58,F,451.03
IA,59,F,462.14
IA,60,F,473.26
IA,61,F,484.37
IA,62,F,495.48
IA,63,F,506.59
IA,64,F,517.70
IA,18,M,156.27
IA,19,M,156.27
IA,20,M,156.27
IA,21,M,156.27
IA,22,M,156.27
IA,23,M,156.27
IA,24,M,156.27
IA,25,M,156.27
IA,26,M,160.10
IA,27,M,163.94
IA,28,M,167.77
IA,29,M,171.61
IA,30,M,175.44
IA,31,M,179.27
IA,32,M,183.11
IA,33,M,186.94
IA,34,M,190.78
IA,35,M,194.61
IA,36,M,205.77
IA,37,M,216.92
IA,38,M,228.08
IA,39,M,239.23
IA,40,M,250.39
IA,41,M,261.54
IA,42,M,272.70
IA,43,M,283.85
IA,44,M,295.01
IA,45,M,306.16
IA,46,M,327.00
IA,47,M,347.84
IA,48,M,368.68
IA,49,M,389.52
IA,50,M,410.36
IA,51,M,431.19
IA,52,M,452.03
IA,53,M,472.87
IA,54,M,493.71
IA,55,M,514.55
IA,56,M,533.07
IA,57,M,551.59
IA,58,M,570.12
IA,59,M,588.64
IA,60,M,607.16
IA,61,M,625.68
IA,62,M,644.21
IA,63,M,662.73
IA,64,M,681.25
KS,18,F,174.90
KS,19,F,181.26
KS,20,F,187.62
KS,21,F,193.98
KS,22,F,200.35
KS,23,F,206.71
KS,24,F,213.07
KS,25,F,219.43
KS,26,F,221.30
KS,27,F,223.17
KS,28,F,225.04
KS,29,F,226.91
KS,30,F,228.78
KS,31,F,230.65
KS,32,F,232.52
KS,33,F,234.39
KS,34,F,236.26
KS,35,F,238.13
KS,36,F,243.81
KS,37,F,249.49
KS,38,F,255.18
KS,39,F,260.86
KS,40,F,266.54
KS,41,F,272.22
KS,42,F,277.90
KS,43,F,283.59
KS,44,F,289.27
KS,45,F,294.95
KS,46,F,306.55
KS,47,F,318.15
KS,48,F,329.75
KS,49,F,341.35
KS,50,F,352.95
KS,51,F,364.54
KS,52,F,376.14
KS,53,F,387.74
KS,54,F,399.34
KS,55,F,410.94
KS,56,F,422.30
KS,57,F,433.67
KS,58,F,445.03
KS,59,F,456.40
KS,60,F,467.76
KS,61,F,479.13
KS,62,F,490.49
KS,63,F,501.86
KS,64,F,513.22
KS,18,M,146.49
KS,19,M,146.49
KS,20,M,146.49
KS,21,M,146.49
KS,22,M,146.49
KS,23,M,146.49
KS,24,M,146.49
KS,25,M,146.49
KS,26,M,150.43
KS,27,M,154.36
KS,28,M,158.30
KS,29,M,162.23
KS,30,M,166.17
KS,31,M,170.11
KS,32,M,174.04
KS,33,M,177.98
KS,34,M,181.91
KS,35,M,185.85
KS,36,M,197.30
KS,37,M,208.75
KS,38,M,220.21
KS,39,M,231.66
KS,40,M,243.11
KS,41,M,254.56
KS,42,M,266.01
KS,43,M,277.47
KS,44,M,288.92
KS,45,M,300.37
KS,46,M,321.71
KS,47,M,343.06
KS,48,M,364.40
KS,49,M,385.74
KS,50,M,407.09
KS,51,M,428.43
KS,52,M,449.77
KS,53,M,471.11
KS,54,M,492.46
KS,55,M,513.80
KS,56,M,532.73
KS,57,M,551.66
KS,58,M,570.59
KS,59,M,589.52
KS,60,M,608.44
KS,61,M,627.37
KS,62,M,646.30
KS,63,M,665.23
KS,64,M,684.16
KY,18,F,190.57
KY,19,F,196.94
KY,20,F,203.31
KY,21,F,209.68
KY,22,F,216.05
KY,23,F,222.42
KY,24,F,228.79
KY,25,F,235.16
KY,26,F,237.03
KY,27,F,238.91
KY,28,F,240.78
KY,29,F,242.65
KY,30,F,244.52
KY,31,F,246.40
KY,32,F,248.27
KY,33,F,250.14
KY,34,F,252.02
KY,35,F,253.89
KY,36,F,259.58
KY,37,F,265.27
KY,38,F,270.96
KY,39,F,276.65
KY,40,F,282.34
KY,41,F,288.02
KY,42,F,293.71
KY,43,F,299.40
KY,44,F,305.09
KY,45,F,310.78
KY,46,F,322.39
KY,47,F,334.00
KY,48,F,345.62
KY,49,F,357.23
KY,50,F,368.84
KY,51,F,380.45
KY,52,F,392.06
KY,53,F,403.68
KY,54,F,415.29
KY,55,F,426.90
KY,56,F,438.28
KY,57,F,449.65
KY,58,F,461.03
KY,59,F,472.41
KY,60,F,483.78
KY,61,F,495.16
KY,62,F,506.54
KY,63,F,517.91
KY,64,F,529.29
KY,18,M,158.82
KY,19,M,158.82
KY,20,M,158.82
KY,21,M,158.82
KY,22,M,158.82
KY,23,M,158.82
KY,24,M,158.82
KY,25,M,158.82
KY,26,M,162.76
KY,27,M,166.70
KY,28,M,170.65
KY,29,M,174.59
KY,30,M,178.53
KY,31,M,182.47
KY,32,M,186.41
KY,33,M,190.36
KY,34,M,194.30
KY,35,M,198.24
KY,36,M,209.71
KY,37,M,221.17
KY,38,M,232.64
KY,39,M,244.11
KY,40,M,255.58
KY,41,M,267.04
KY,42,M,278.51
KY,43,M,289.98
KY,44,M,301.44
KY,45,M,312.91
KY,46,M,334.28
KY,47,M,355.65
KY,48,M,377.02
KY,49,M,398.39
KY,50,M,419.76
KY,51,M,441.12
KY,52,M,462.49
KY,53,M,483.86
KY,54,M,505.23
KY,55,M,526.60
KY,56,M,545.55
KY,57,M,564.50
KY,58,M,583.45
KY,59,M,602.40
KY,60,M,621.34
KY,61,M,640.29
KY,62,M,659.24
KY,63,M,678.19
KY,64,M,697.14
LA,18,F,190.57
LA,19,F,196.94
LA,20,F,203.31
LA,21,F,209.68
LA,22,F,216.05
LA,23,F,222.42
LA,24,F,228.79
LA,25,F,235.16
LA,26,F,237.03
LA,27,F,238.91
LA,28,F,240.78
LA,29,F,242.65
LA,30,F,244.52
LA,31,F,246.40
LA,32,F,248.27
LA,33,F,250.14
LA,34,F,252.02
LA,35,F,253.89
LA,36,F,259.58
LA,37,F,265.27
LA,38,F,270.96
LA,39,F,276.65
LA,40,F,282.34
LA,41,F,288.02
LA,42,F,293.71
LA,43,F,299.40
LA,44,F,305.09
LA,45,F,310.78
LA,46,F,322.39
LA,47,F,334.00
LA,48,F,345.62
LA,49,F,357.23
LA,50,F,368.84
LA,51,F,380.45
LA,52,F,392.06
LA,53,F,403.68
LA,54,F,415.29
LA,55,F,426.90
LA,56,F,438.28
LA,57,F,449.65
LA,58,F,461.03
LA,59,F,472.41
LA,60,F,483.78
LA,61,F,495.16
LA,62,F,506.54
LA,63,F,517.91
LA,64,F,529.29
LA,18,M,158.82
LA,19,M,158.82
LA,20,M,158.82
LA,21,M,158.82
LA,22,M,158.82
LA,23,M,158.82
LA,24,M,158.82
LA,25,M,158.82
LA,26,M,162.76
LA,27,M,166.70
LA,28,M,170.65
LA,29,M,174.59
LA,30,M,178.53
LA,31,M,182.47
LA,32,M,186.41
LA,33,M,190.36
LA,34,M,194.30
LA,35,M,198.24
LA,36,M,209.71
LA,37,M,221.17
LA,38,M,232.64
LA,39,M,244.11
LA,40,M,255.58
LA,41,M,267.04
LA,42,M,278.51
LA,43,M,289.98
LA,44,M,301.44
LA,45,M,312.91
LA,46,M,334.28
LA,47,M,355.65
LA,48,M,377.02
LA,49,M,398.39
LA,50,M,419.76
LA,51,M,441.12
LA,52,M,462.49
LA,53,M,483.86
LA,54,M,505.23
LA,55,M,526.60
LA,56,M,545.55
LA,57,M,564.50
LA,58,M,583.45
LA,59,M,602.40
LA,60,M,621.34
LA,61,M,640.29
LA,62,M,659.24
LA,63,M,678.19
LA,64,M,697.14
MI,18,F,190.57
MI,19,F,196.94
MI,20,F,203.31
MI,21,F,209.68
MI,22,F,216.05
MI,23,F,222.42
MI,24,F,228.79
MI,25,F,235.16
MI,26,F,237.03
MI,27,F,238.91
MI,28,F,240.78
MI,29,F,242.65
MI,30,F,244.52
MI,31,F,246.40
MI,32,F,248.27
MI,33,F,250.14
MI,34,F,252.02
MI,35,F,253.89
MI,36,F,259.58
MI,37,F,265.27
MI,38,F,270.96
MI,39,F,276.65
MI,40,F,282.34
MI,41,F,288.02
MI,42,F,293.71
MI,43,F,299.40
MI,44,F,305.09
MI,45,F,310.78
MI,46,F,322.39
MI,47,F,334.00
MI,48,F,345.62
MI,49,F,357.23
MI,50,F,368.84
MI,51,F,380.45
MI,52,F,392.06
MI,53,F,403.68
MI,54,F,415.29
MI,55,F,426.90
MI,56,F,438.28
MI,57,F,449.65
MI,58,F,461.03
MI,59,F,472.41
MI,60,F,483.78
MI,61,F,495.16
MI,62,F,506.54
MI,63,F,517.91
MI,64,F,529.29
MI,18,M,158.82
MI,19,M,158.82
MI,20,M,158.82
MI,21,M,158.82
MI,22,M,158.82
MI,23,M,158.82
MI,24,M,158.82
MI,25,M,158.82
MI,26,M,162.76
MI,27,M,166.70
MI,28,M,170.65
MI,29,M,174.59
MI,30,M,178.53
MI,31,M,182.47
MI,32,M,186.41
MI,33,M,190.36
MI,34,M,194.30
MI,35,M,198.24
MI,36,M,209.71
MI,37,M,221.17
MI,38,M,232.64
MI,39,M,244.11
MI,40,M,255.58
MI,41,M,267.04
MI,42,M,278.51
MI,43,M,289.98
MI,44,M,301.44
MI,45,M,312.91
MI,46,M,334.28
MI,47,M,355.65
MI,48,M,377.02
MI,49,M,398.39
MI,50,M,419.76
MI,51,M,441.12
MI,52,M,462.49
MI,53,M,483.86
MI,54,M,505.23
MI,55,M,526.60
MI,56,M,545.55
MI,57,M,564.50
MI,58,M,583.45
MI,59,M,602.40
MI,60,M,621.34
MI,61,M,640.29
MI,62,M,659.24
MI,63,M,678.19
MI,64,M,697.14
MO,18,F,191.72
MO,19,F,198.09
MO,20,F,204.46
MO,21,F,210.83
MO,22,F,217.20
MO,23,F,223.57
MO,24,F,229.94
MO,25,F,236.31
MO,26,F,238.18
MO,27,F,240.05
MO,28,F,241.93
MO,29,F,243.80
MO,30,F,245.67
MO,31,F,247.54
MO,32,F,249.41
MO,33,F,251.29
MO,34,F,253.16
MO,35,F,255.03
MO,36,F,260.72
MO,37,F,266.41
MO,38,F,272.10
MO,39,F,277.79
MO,40,F,283.48
MO,41,F,289.17
MO,42,F,294.86
MO,43,F,300.55
MO,44,F,306.24
MO,45,F,311.93
MO,46,F,323.54
MO,47,F,335.15
MO,48,F,346.77
MO,49,F,358.38
MO,50,F,369.99
MO,51,F,381.60
MO,52,F,393.21
MO,53,F,404.83
MO,54,F,416.44
MO,55,F,428.05
MO,56,F,439.43
MO,57,F,450.80
MO,58,F,462.18
MO,59,F,473.56
MO,60,F,484.93
MO,61,F,496.31
MO,62,F,507.69
MO,63,F,519.06
MO,64,F,530.44
MO,18,M,159.48
MO,19,M,159.48
MO,20,M,159.48
MO,21,M,159.48
MO,22,M,159.48
MO,23,M,159.48
MO,24,M,159.48
MO,25,M,159.48
MO,26,M,163.42
MO,27,M,167.36
MO,28,M,171.30
MO,29,M,175.24
MO,30,M,179.19
MO,31,M,183.13
MO,32,M,187.07
MO,33,M,191.01
MO,34,M,194.95
MO,35,M,198.89
MO,36,M,210.36
MO,37,M,221.83
MO,38,M,233.29
MO,39,M,244.76
MO,40,M,256.23
MO,41,M,267.70
MO,42,M,279.17
MO,43,M,290.63
MO,44,M,302.10
MO,45,M,313.57
MO,46,M,334.94
MO,47,M,356.31
MO,48,M,377.67
MO,49,M,399.04
MO,50,M,420.41
MO,51,M,441.78
MO,52,M,463.15
MO,53,M,484.51
MO,54,M,505.88
MO,55,M,527.25
MO,56,M,546.20
MO,57,M,565.15
MO,58,M,584.10
MO,59,M,603.05
MO,60,M,621.99
MO,61,M,640.94
MO,62,M,659.89
MO,63,M,678.84
MO,64,M,697.79
MS,18,F,190.57
MS,19,F,196.94
MS,20,F,203.31
MS,21,F,209.68
MS,22,F,216.05
MS,23,F,222.42
MS,24,F,228.79
MS,25,F,235.16
MS,26,F,237.03
MS,27,F,238.91
MS,28,F,240.78
MS,29,F,242.65
MS,30,F,244.52
MS,31,F,246.40
MS,32,F,248.27
MS,33,F,250.14
MS,34,F,252.02
MS,35,F,253.89
MS,36,F,259.58
MS,37,F,265.27
MS,38,F,270.96
MS,39,F,276.65
MS,40,F,282.34
MS,41,F,288.02
MS,42,F,293.71
MS,43,F,299.40
MS,44,F,305.09
MS,45,F,310.78
MS,46,F,322.39
MS,47,F,334.00
MS,48,F,345.62
MS,49,F,357.23
MS,50,F,368.84
MS,51,F,380.45
MS,52,F,392.06
MS,53,F,403.68
MS,54,F,415.29
MS,55,F,426.90
MS,56,F,438.28
MS,57,F,449.65
MS,58,F,461.03
MS,59,F,472.41
MS,60,F,483.78
MS,61,F,495.16
MS,62,F,506.54
MS,63,F,517.91
MS,64,F,529.29
MS,18,M,158.82
MS,19,M,158.82
MS,20,M,158.82
MS,21,M,158.82
MS,22,M,158.82
MS,23,M,158.82
MS,24,M,158.82
MS,25,M,158.82
MS,26,M,162.76
MS,27,M,166.70
MS,28,M,170.65
MS,29,M,174.59
MS,30,M,178.53
MS,31,M,182.47
MS,32,M,186.41
MS,33,M,190.36
MS,34,M,194.30
MS,35,M,198.24
MS,36,M,209.71
MS,37,M,221.17
MS,38,M,232.64
MS,39,M,244.11
MS,40,M,255.58
MS,41,M,267.04
MS,42,M,278.51
MS,43,M,289.98
MS,44,M,301.44
MS,45,M,312.91
MS,46,M,334.28
MS,47,M,355.65
MS,48,M,377.02
MS,49,M,398.39
MS,50,M,419.76
MS,51,M,441.12
MS,52,M,462.49
MS,53,M,483.86
MS,54,M,505.23
MS,55,M,526.60
MS,56,M,545.55
MS,57,M,564.50
MS,58,M,583.45
MS,59,M,602.40
MS,60,M,621.34
MS,61,M,640.29
MS,62,M,659.24
MS,63,M,678.19
MS,64,M,697.14
MT,18,F,172.66
MT,19,F,176.19
MT,20,F,179.71
MT,21,F,183.24
MT,22,F,186.76
MT,23,F,190.29
MT,24,F,193.81
MT,25,F,197.34
MT,26,F,199.87
MT,27,F,202.40
MT,28,F,204.92
MT,29,F,207.45
MT,30,F,209.98
MT,31,F,212.51
MT,32,F,215.04
MT,33,F,217.56
MT,34,F,220.09
MT,35,F,222.62
MT,36,F,230.96
MT,37,F,239.31
MT,38,F,247.65
MT,39,F,256.00
MT,40,F,264.34
MT,41,F,272.68
MT,42,F,281.03
MT,43,F,289.37
MT,44,F,297.72
MT,45,F,306.06
MT,46,F,321.91
MT,47,F,337.75
MT,48,F,353.60
MT,49,F,369.44
MT,50,F,385.29
MT,51,F,401.14
MT,52,F,416.98
MT,53,F,432.83
MT,54,F,448.67
MT,55,F,464.52
MT,56,F,479.61
MT,57,F,494.71
MT,58,F,509.80
MT,59,F,524.90
MT,60,F,539.99
MT,61,F,555.09
MT,62,F,570.18
MT,63,F,585.28
MT,64,F,600.37
MT,18,M,172.66
MT,19,M,175.76
MT,20,M,178.85
MT,21,M,181.95
MT,22,M,185.05
MT,23,M,188.15
MT,24,M,191.24
MT,25,M,194.34
MT,26,M,197.17
MT,27,M,200.00
MT,28,M,202.82
MT,29,M,205.65
MT,30,M,208.48
MT,31,M,211.31
MT,32,M,214.14
MT,33,M,216.96
MT,34,M,219.79
MT,35,M,222.62
MT,36,M,230.96
MT,37,M,239.31
MT,38,M,247.65
MT,39,M,256.00
MT,40,M,264.34
MT,41,M,272.68
MT,42,M,281.03
MT,43,M,289.37
MT,44,M,297.72
MT,45,M,306.06
MT,46,M,321.91
MT,47,M,337.75
MT,48,M,353.60
MT,49,M,369.44
MT,50,M,385.29
MT,51,M,401.14
MT,52,M,416.98
MT,53,M,432.83
MT,54,M,448.67
MT,55,M,464.52
MT,56,M,479.61
MT,57,M,494.71
MT,58,M,509.80
MT,59,M,524.90
MT,60,M,539.99
MT,61,M,555.09
MT,62,M,570.18
MT,63,M,585.28
MT,64,M,600.37
NE,18,F,190.57
NE,19,F,196.94
NE,20,F,203.31
NE,21,F,209.68
NE,22,F,216.05
NE,23,F,222.42
NE,24,F,228.79
NE,25,F,235.16
NE,26,F,237.03
NE,27,F,238.91
NE,28,F,240.78
NE,29,F,242.65
NE,30,F,244.52
NE,31,F,246.40
NE,32,F,248.27
NE,33,F,250.14
NE,34,F,252.02
NE,35,F,253.89
NE,36,F,259.58
NE,37,F,265.27
NE,38,F,270.96
NE,39,F,276.65
NE,40,F,282.34
NE,41,F,288.02
NE,42,F,293.71
NE,43,F,299.40
NE,44,F,305.09
NE,45,F,310.78
NE,46,F,322.39
NE,47,F,334.00
NE,48,F,345.62
NE,49,F,357.23
NE,50,F,368.84
NE,51,F,380.45
NE,52,F,392.06
NE,53,F,403.68
NE,54,F,415.29
NE,55,F,426.90
NE,56,F,438.28
NE,57,F,449.65
NE,58,F,461.03
NE,59,F,472.41
NE,60,F,483.78
NE,61,F,495.16
NE,62,F,506.54
NE,63,F,517.91
NE,64,F,529.29
NE,18,M,158.82
NE,19,M,158.82
NE,20,M,158.82
NE,21,M,158.82
NE,22,M,158.82
NE,23,M,158.82
NE,24,M,158.82
NE,25,M,158.82
NE,26,M,162.76
NE,27,M,166.70
NE,28,M,170.65
NE,29,M,174.59
NE,30,M,178.53
NE,31,M,182.47
NE,32,M,186.41
NE,33,M,190.36
NE,34,M,194.30
NE,35,M,198.24
NE,36,M,209.71
NE,37,M,221.17
NE,38,M,232.64
NE,39,M,244.11
NE,40,M,255.58
NE,41,M,267.04
NE,42,M,278.51
NE,43,M,289.98
NE,44,M,301.44
NE,45,M,312.91
NE,46,M,334.28
NE,47,M,355.65
NE,48,M,377.02
NE,49,M,398.39
NE,50,M,419.76
NE,51,M,441.12
NE,52,M,462.49
NE,53,M,483.86
NE,54,M,505.23
NE,55,M,526.60
NE,56,M,545.55
NE,57,M,564.50
NE,58,M,583.45
NE,59,M,602.40
NE,60,M,621.34
NE,61,M,640.29
NE,62,M,659.24
NE,63,M,678.19
NE,64,M,697.14
NV,18,F,177.83
NV,19,F,184.20
NV,20,F,190.57
NV,21,F,196.94
NV,22,F,203.31
NV,23,F,209.68
NV,24,F,216.05
NV,25,F,222.42
NV,26,F,224.29
NV,27,F,226.17
NV,28,F,228.04
NV,29,F,229.91
NV,30,F,231.79
NV,31,F,233.66
NV,32,F,235.53
NV,33,F,237.40
NV,34,F,239.28
NV,35,F,241.15
NV,36,F,246.31
NV,37,F,251.48
NV,38,F,256.64
NV,39,F,261.81
NV,40,F,266.97
NV,41,F,272.13
NV,42,F,277.30
NV,43,F,282.46
NV,44,F,287.63
NV,45,F,292.79
NV,46,F,304.93
NV,47,F,317.06
NV,48,F,329.20
NV,49,F,341.34
NV,50,F,353.48
NV,51,F,365.61
NV,52,F,377.75
NV,53,F,389.89
NV,54,F,402.02
NV,55,F,414.16
NV,56,F,425.54
NV,57,F,436.91
NV,58,F,448.29
NV,59,F,459.67
NV,60,F,471.04
NV,61,F,482.42
NV,62,F,493.80
NV,63,F,505.17
NV,64,F,516.55
NV,18,M,146.08
NV,19,M,146.08
NV,20,M,146.08
NV,21,M,146.08
NV,22,M,146.08
NV,23,M,146.08
NV,24,M,146.08
NV,25,M,146.08
NV,26,M,150.02
NV,27,M,153.96
NV,28,M,157.91
NV,29,M,161.85
NV,30,M,165.79
NV,31,M,169.73
NV,32,M,173.67
NV,33,M,177.62
NV,34,M,181.56
NV,35,M,185.50
NV,36,M,196.75
NV,37,M,208.01
NV,38,M,219.26
NV,39,M,230.52
NV,40,M,241.77
NV,41,M,253.02
NV,42,M,264.28
NV,43,M,275.53
NV,44,M,286.79
NV,45,M,298.04
NV,46,M,317.60
NV,47,M,337.16
NV,48,M,356.72
NV,49,M,376.28
NV,50,M,395.85
NV,51,M,415.41
NV,52,M,434.97
NV,53,M,454.53
NV,54,M,474.09
NV,55,M,493.65
NV,56,M,514.84
NV,57,M,536.04
NV,58,M,557.23
NV,59,M,578.43
NV,60,M,599.62
NV,61,M,620.82
NV,62,M,642.01
NV,63,M,663.21
NV,64,M,684.40
OK,18,F,190.57
OK,19,F,196.94
OK,20,F,203.31
OK,21,F,209.68
OK,22,F,216.05
OK,23,F,222.42
OK,24,F,228.79
OK,25,F,235.16
OK,26,F,237.03
OK,27,F,238.91
OK,28,F,240.78
OK,29,F,242.65
OK,30,F,244.52
OK,31,F,246.40
OK,32,F,248.27
OK,33,F,250.14
OK,34,F,252.02
OK,35,F,253.89
OK,36,F,259.58
OK,37,F,265.27
OK,38,F,270.96
OK,39,F,276.65
OK,40,F,282.34
OK,41,F,288.02
OK,42,F,293.71
OK,43,F,299.40
OK,44,F,305.09
OK,45,F,310.78
OK,46,F,322.39
OK,47,F,334.00
OK,48,F,345.62
OK,49,F,357.23
OK,50,F,368.84
OK,51,F,380.45
OK,52,F,392.06
OK,53,F,403.68
OK,54,F,415.29
OK,55,F,426.90
OK,56,F,438.28
OK,57,F,449.65
OK,58,F,461.03
OK,59,F,472.41
OK,60,F,483.78
OK,61,F,495.16
OK,62,F,506.54
OK,63,F,517.91
OK,64,F,529.29
OK,18,M,158.82
OK,19,M,158.82
OK,20,M,158.82
OK,21,M,158.82
OK,22,M,158.82
OK,23,M,158.82
OK,24,M,158.82
OK,25,M,158.82
OK,26,M,162.76
OK,27,M,166.70
OK,28,M,170.65
OK,29,M,174.59
OK,30,M,178.53
OK,31,M,182.47
OK,32,M,186.41
OK,33,M,190.36
OK,34,M,194.30
OK,35,M,198.24
OK,36,M,209.71
OK,37,M,221.17
OK,38,M,232.64
OK,39,M,244.11
OK,40,M,255.58
OK,41,M,267.04
OK,42,M,278.51
OK,43,M,289.98
OK,44,M,301.44
OK,45,M,312.91
OK,46,M,334.28
OK,47,M,355.65
OK,48,M,377.02
OK,49,M,398.39
OK,50,M,419.76
OK,51,M,441.12
OK,52,M,462.49
OK,53,M,483.86
OK,54,M,505.23
OK,55,M,526.60
OK,56,M,545.55
OK,57,M,564.50
OK,58,M,583.45
OK,59,M,602.40
OK,60,M,621.34
OK,61,M,640.29
OK,62,M,659.24
OK,63,M,678.19
OK,64,M,697.14
TN,18,F,190.57
TN,19,F,196.94
TN,20,F,203.31
TN,21,F,209.68
TN,22,F,216.05
TN,23,F,222.42
TN,24,F,228.79
TN,25,F,235.16
TN,26,F,237.03
TN,27,F,238.91
TN,28,F,240.78
TN,29,F,242.65
TN,30,F,244.52
TN,31,F,246.40
TN,32,F,248.27
TN,33,F,250.14
TN,34,F,252.02
TN,35,F,253.89
TN,36,F,259.58
TN,37,F,265.27
TN,38,F,270.96
TN,39,F,276.65
TN,40,F,282.34
TN,41,F,288.02
TN,42,F,293.71
TN,43,F,299.40
TN,44,F,305.09
TN,45,F,310.78
TN,46,F,322.39
TN,47,F,334.00
TN,48,F,345.62
TN,49,F,357.23
TN,50,F,368.84
TN,51,F,380.45
TN,52,F,392.06
TN,53,F,403.68
TN,54,F,415.29
TN,55,F,426.90
TN,56,F,438.28
TN,57,F,449.65
TN,58,F,461.03
TN,59,F,472.41
TN,60,F,483.78
TN,61,F,495.16
TN,62,F,506.54
TN,63,F,517.91
TN,64,F,529.29
TN,18,M,158.82
TN,19,M,158.82
TN,20,M,158.82
TN,21,M,158.82
TN,22,M,158.82
TN,23,M,158.82
TN,24,M,158.82
TN,25,M,158.82
TN,26,M,162.76
TN,27,M,166.70
TN,28,M,170.65
TN,29,M,174.59
TN,30,M,178.53
TN,31,M,182.47
TN,32,M,186.41
TN,33,M,190.36
TN,34,M,194.30
TN,35,M,198.24
TN,36,M,209.71
TN,37,M,221.17
TN,38,M,232.64
TN,39,M,244.11
TN,40,M,255.58
TN,41,M,267.04
TN,42,M,278.51
TN,43,M,289.98
TN,44,M,301.44
TN,45,M,312.91
TN,46,M,334.28
TN,47,M,355.65
TN,48,M,377.02
TN,49,M,398.39
TN,50,M,419.76
TN,51,M,441.12
TN,52,M,462.49
TN,53,M,483.86
TN,54,M,505.23
TN,55,M,526.60
TN,56,M,545.55
TN,57,M,564.50
TN,58,M,583.45
TN,59,M,602.40
TN,60,M,621.34
TN,61,M,640.29
TN,62,M,659.24
TN,63,M,678.19
TN,64,M,697.14
TX,18,F,204.21
TX,19,F,211.15
TX,20,F,218.10
TX,21,F,225.04
TX,22,F,231.98
TX,23,F,238.92
TX,24,F,245.87
TX,25,F,252.81
TX,26,F,254.85
TX,27,F,256.89
TX,28,F,258.93
TX,29,F,260.97
TX,30,F,263.02
TX,31,F,265.06
TX,32,F,267.10
TX,33,F,269.14
TX,34,F,271.18
TX,35,F,273.22
TX,36,F,279.42
TX,37,F,285.62
TX,38,F,291.82
TX,39,F,298.02
TX,40,F,304.23
TX,41,F,310.43
TX,42,F,316.63
TX,43,F,322.83
TX,44,F,329.03
TX,45,F,335.23
TX,46,F,347.75
TX,47,F,360.28
TX,48,F,372.80
TX,49,F,385.32
TX,50,F,397.85
TX,51,F,410.37
TX,52,F,422.89
TX,53,F,435.41
TX,54,F,447.94
TX,55,F,460.46
TX,56,F,472.71
TX,57,F,484.96
TX,58,F,497.21
TX,59,F,509.46
TX,60,F,521.71
TX,61,F,533.96
TX,62,F,546.21
TX,63,F,558.46
TX,64,F,570.71
TX,18,M,169.06
TX,19,M,169.06
TX,20,M,169.06
TX,21,M,169.06
TX,22,M,169.06
TX,23,M,169.06
TX,24,M,169.06
TX,25,M,169.06
TX,26,M,173.36
TX,27,M,177.65
TX,28,M,181.95
TX,29,M,186.25
TX,30,M,190.55
TX,31,M,194.84
TX,32,M,199.14
TX,33,M,203.44
TX,34,M,207.73
TX,35,M,212.03
TX,36,M,224.53
TX,37,M,237.03
TX,38,M,249.53
TX,39,M,262.03
TX,40,M,274.53
TX,41,M,287.02
TX,42,M,299.52
TX,43,M,312.02
TX,44,M,324.52
TX,45,M,337.02
TX,46,M,360.13
TX,47,M,383.24
TX,48,M,406.36
TX,49,M,429.47
TX,50,M,452.58
TX,51,M,475.69
TX,52,M,498.80
TX,53,M,521.92
TX,54,M,545.03
TX,55,M,568.14
TX,56,M,588.49
TX,57,M,608.85
TX,58,M,629.20
TX,59,M,649.56
TX,60,M,669.91
TX,61,M,690.27
TX,62,M,710.62
TX,63,M,730.98
TX,64,M,751.33
UT,18,F,146.74
UT,19,F,146.74
UT,20,F,146.74
UT,21,F,146.74
UT,22,F,146.74
UT,23,F,146.74
UT,24,F,146.74
UT,25,F,146.74
UT,26,F,156.30
UT,27,F,165.85
UT,28,F,175.41
UT,29,F,184.96
UT,30,F,194.52
UT,31,F,204.07
UT,32,F,213.63
UT,33,F,223.18
UT,34,F,232.73
UT,35,F,242.29
UT,36,F,247.98
UT,37,F,253.67
UT,38,F,259.36
UT,39,F,265.05
UT,40,F,270.74
UT,41,F,276.43
UT,42,F,282.12
UT,43,F,287.81
UT,44,F,293.50
UT,45,F,299.19
UT,46,F,310.80
UT,47,F,322.41
UT,48,F,334.03
UT,49,F,345.64
UT,50,F,357.25
UT,51,F,368.86
UT,52,F,380.47
UT,53,F,392.09
UT,54,F,403.70
UT,55,F,415.31
UT,56,F,426.69
UT,57,F,438.06
UT,58,F,449.44
UT,59,F,460.82
UT,60,F,472.19
UT,61,F,483.57
UT,62,F,494.95
UT,63,F,506.32
UT,64,F,517.70
UT,18,M,146.74
UT,19,M,151.35
UT,20,M,155.95
UT,21,M,160.56
UT,22,M,165.16
UT,23,M,169.77
UT,24,M,174.37
UT,25,M,178.98
UT,26,M,179.70
UT,27,M,180.41
UT,28,M,181.13
UT,29,M,181.85
UT,30,M,182.57
UT,31,M,183.28
UT,32,M,184.00
UT,33,M,184.72
UT,34,M,185.43
UT,35,M,186.15
UT,36,M,197.62
UT,37,M,209.09
UT,38,M,220.55
UT,39,M,232.02
UT,40,M,243.49
UT,41,M,254.96
UT,42,M,266.43
UT,43,M,277.89
UT,44,M,289.36
UT,45,M,300.83
UT,46,M,322.20
UT,47,M,343.57
UT,48,M,364.93
UT,49,M,386.30
UT,50,M,407.67
UT,51,M,429.04
UT,52,M,450.41
UT,53,M,471.77
UT,54,M,493.14
UT,55,M,514.51
UT,56,M,533.46
UT,57,M,552.41
UT,58,M,571.36
UT,59,M,590.31
UT,60,M,609.25
UT,61,M,628.20
UT,62,M,647.15
UT,63,M,666.10
UT,64,M,685.05
VA,18,F,190.57
VA,19,F,196.94
VA,20,F,203.31
VA,21,F,209.68
VA,22,F,216.05
VA,23,F,222.42
VA,24,F,228.79
VA,25,F,235.16
VA,26,F,237.03
VA,27,F,238.91
VA,28,F,240.78
VA,29,F,242.65
VA,30,F,244.52
VA,31,F,246.40
VA,32,F,248.27
VA,33,F,250.14
VA,34,F,252.02
VA,35,F,253.89
VA,36,F,259.58
VA,37,F,265.27
VA,38,F,270.96
VA,39,F,276.65
VA,40,F,282.34
VA,41,F,288.02
VA,42,F,293.71
VA,43,F,299.40
VA,44,F,305.09
VA,45,F,310.78
VA,46,F,322.39
VA,47,F,334.00
VA,48,F,345.62
VA,49,F,357.23
VA,50,F,368.84
VA,51,F,380.45
VA,52,F,392.06
VA,53,F,403.68
VA,54,F,415.29
VA,55,F,426.90
VA,56,F,438.28
VA,57,F,449.65
VA,58,F,461.03
VA,59,F,472.41
VA,60,F,483.78
VA,61,F,495.16
VA,62,F,506.54
VA,63,F,517.91
VA,64,F,529.29
VA,18,M,158.82
VA,19,M,158.82
VA,20,M,158.82
VA,21,M,158.82
VA,22,M,158.82
VA,23,M,158.82
VA,24,M,158.82
VA,25,M,158.82
VA,26,M,162.76
VA,27,M,166.70
VA,28,M,170.65
VA,29,M,174.59
VA,30,M,178.53
VA,31,M,182.47
VA,32,M,186.41
VA,33,M,190.36
VA,34,M,194.30
VA,35,M,198.24
VA,36,M,209.71
VA,37,M,221.17
VA,38,M,232.64
VA,39,M,244.11
VA,40,M,255.58
VA,41,M,267.04
VA,42,M,278.51
VA,43,M,289.98
VA,44,M,301.44
VA,45,M,312.91
VA,46,M,334.28
VA,47,M,355.65
VA,48,M,377.02
VA,49,M,398.39
VA,50,M,419.76
VA,51,M,441.12
VA,52,M,462.49
VA,53,M,483.86
VA,54,M,505.23
VA,55,M,526.60
VA,56,M,545.55
VA,57,M,564.50
VA,58,M,583.45
VA,59,M,602.40
VA,60,M,621.34
VA,61,M,640.29
VA,62,M,659.24
VA,63,M,678.19
VA,64,M,697.14
WI,18,F,190.57
WI,19,F,196.94
WI,20,F,203.31
WI,21,F,209.68
WI,22,F,216.05
WI,23,F,222.42
WI,24,F,228.79
WI,25,F,235.16
WI,26,F,237.03
WI,27,F,238.91
WI,28,F,240.78
WI,29,F,242.65
WI,30,F,244.52
WI,31,F,246.40
WI,32,F,248.27
WI,33,F,250.14
WI,34,F,252.02
WI,35,F,253.89
WI,36,F,259.58
WI,37,F,265.27
WI,38,F,270.96
WI,39,F,276.65
WI,40,F,282.34
WI,41,F,288.02
WI,42,F,293.71
WI,43,F,299.40
WI,44,F,305.09
WI,45,F,310.78
WI,46,F,322.39
WI,47,F,334.00
WI,48,F,345.62
WI,49,F,357.23
WI,50,F,368.84
WI,51,F,380.45
WI,52,F,392.06
WI,53,F,403.68
WI,54,F,415.29
WI,55,F,426.90
WI,56,F,438.28
WI,57,F,449.65
WI,58,F,461.03
WI,59,F,472.41
WI,60,F,483.78
WI,61,F,495.16
WI,62,F,506.54
WI,63,F,517.91
WI,64,F,529.29
WI,18,M,158.82
WI,19,M,158.82
WI,20,M,158.82
WI,21,M,158.82
WI,22,M,158.82
WI,23,M,158.82
WI,24,M,158.82
WI,25,M,158.82
WI,26,M,162.76
WI,27,M,166.70
WI,28,M,170.65
WI,29,M,174.59
WI,30,M,178.53
WI,31,M,182.47
WI,32,M,186.41
WI,33,M,190.36
WI,34,M,194.30
WI,35,M,198.24
WI,36,M,209.71
WI,37,M,221.17
WI,38,M,232.64
WI,39,M,244.11
WI,40,M,255.58
WI,41,M,267.04
WI,42,M,278.51
WI,43,M,289.98
WI,44,M,301.44
WI,45,M,312.91
WI,46,M,334.28
WI,47,M,355.65
WI,48,M,377.02
WI,49,M,398.39
WI,50,M,419.76
WI,51,M,441.12
WI,52,M,462.49
WI,53,M,483.86
WI,54,M,505.23
WI,55,M,526.60
WI,56,M,545.55
WI,57,M,564.50
WI,58,M,583.45
WI,59,M,602.40
WI,60,M,621.34
WI,61,M,640.29
WI,62,M,659.24
WI,63,M,678.19
WI,64,M,697.14
WV,18,F,190.57
WV,19,F,196.94
WV,20,F,203.31
WV,21,F,209.68
WV,22,F,216.05
WV,23,F,222.42
WV,24,F,228.79
WV,25,F,235.16
WV,26,F,237.03
WV,27,F,238.91
WV,28,F,240.78
WV,29,F,242.65
WV,30,F,244.52
WV,31,F,246.40
WV,32,F,248.27
WV,33,F,250.14
WV,34,F,252.02
WV,35,F,253.89
WV,36,F,259.58
WV,37,F,265.27
WV,38,F,270.96
WV,39,F,276.65
WV,40,F,282.34
WV,41,F,288.02
WV,42,F,293.71
WV,43,F,299.40
WV,44,F,305.09
WV,45,F,310.78
WV,46,F,322.39
WV,47,F,334.00
WV,48,F,345.62
WV,49,F,357.23
WV,50,F,368.84
WV,51,F,380.45
WV,52,F,392.06
WV,53,F,403.68
WV,54,F,415.29
WV,55,F,426.90
WV,56,F,438.28
WV,57,F,449.65
WV,58,F,461.03
WV,59,F,472.41
WV,60,F,483.78
WV,61,F,495.16
WV,62,F,506.54
WV,63,F,517.91
WV,64,F,529.29
WV,18,M,158.82
WV,19,M,158.82
WV,20,M,158.82
WV,21,M,158.82
WV,22,M,158.82
WV,23,M,158.82
WV,24,M,158.82
WV,25,M,158.82
WV,26,M,162.76
WV,27,M,166.70
WV,28,M,170.65
WV,29,M,174.59
WV,30,M,178.53
WV,31,M,182.47
WV,32,M,186.41
WV,33,M,190.36
WV,34,M,194.30
WV,35,M,198.24
WV,36,M,209.71
WV,37,M,221.17
WV,38,M,232.64
WV,39,M,244.11
WV,40,M,255.58
WV,41,M,267.04
WV,42,M,278.51
WV,43,M,289.98
WV,44,M,301.44
WV,45,M,312.91
WV,46,M,334.28
WV,47,M,355.65
WV,48,M,377.02
WV,49,M,398.39
WV,50,M,419.76
WV,51,M,441.12
WV,52,M,462.49
WV,53,M,483.86
WV,54,M,505.23
WV,55,M,526.60
WV,56,M,545.55
WV,57,M,564.50
WV,58,M,583.45
WV,59,M,602.40
WV,60,M,621.34
WV,61,M,640.29
WV,62,M,659.24
WV,63,M,678.19
WV,64,M,697.14
WY,18,F,190.57
WY,19,F,196.94
WY,20,F,203.31
WY,21,F,209.68
WY,22,F,216.05
WY,23,F,222.42
WY,24,F,228.79
WY,25,F,235.16
WY,26,F,237.03
WY,27,F,238.91
WY,28,F,240.78
WY,29,F,242.65
WY,30,F,244.52
WY,31,F,246.40
WY,32,F,248.27
WY,33,F,250.14
WY,34,F,252.02
WY,35,F,253.89
WY,36,F,259.58
WY,37,F,265.27
WY,38,F,270.96
WY,39,F,276.65
WY,40,F,282.34
WY,41,F,288.02
WY,42,F,293.71
WY,43,F,299.40
WY,44,F,305.09
WY,45,F,310.78
WY,46,F,322.39
WY,47,F,334.00
WY,48,F,345.62
WY,49,F,357.23
WY,50,F,368.84
WY,51,F,380.45
WY,52,F,392.06
WY,53,F,403.68
WY,54,F,415.29
WY,55,F,426.90
WY,56,F,438.28
WY,57,F,449.65
WY,58,F,461.03
WY,59,F,472.41
WY,60,F,483.78
WY,61,F,495.16
WY,62,F,506.54
WY,63,F,517.91
WY,64,F,529.29
WY,18,M,158.82
WY,19,M,158.82
WY,20,M,158.82
WY,21,M,158.82
WY,22,M,158.82
WY,23,M,158.82
WY,24,M,158.82
WY,25,M,158.82
WY,26,M,162.76
WY,27,M,166.70
WY,28,M,170.65
WY,29,M,174.59
WY,30,M,178.53
WY,31,M,182.47
WY,32,M,186.41
WY,33,M,190.36
WY,34,M,194.30
WY,35,M,198.24
WY,36,M,209.71
WY,37,M,221.17
WY,38,M,232.64
WY,39,M,244.11
WY,40,M,255.58
WY,41,M,267.04
WY,42,M,278.51
WY,43,M,289.98
WY,44,M,301.44
WY,45,M,312.91
WY,46,M,334.28
WY,47,M,355.65
WY,48,M,377.02
WY,49,M,398.39
WY,50,M,419.76
WY,51,M,441.12
WY,52,M,462.49
WY,53,M,483.86
WY,54,M,505.23
WY,55,M,526.60
WY,56,M,545.55
WY,57,M,564.50
WY,58,M,583.45
WY,59,M,602.40
WY,60,M,621.34
WY,61,M,640.29
WY,62,M,659.24
WY,63,M,678.19
WY,64,M,697.14